Aircraft,Component,System,Date,Reason,Time Hours,Time Cycles 

1140,REM_Component_A,System1,2006-05-29,3,118123,15961
1140,REM_Component_A,System1,2006-05-29,3,118123,15961
1140,REM_Component_B,System1,2006-05-29,3,1092,139
1140,REM_Component_B,System3,2006-06-24,3,312,37
1140,REM_Component_B,System3,2006-07-10,3,118698,16028
1140,REM_Component_B,System3,2006-07-10,3,263,30
1140,REM_Component_B,System1,2006-08-13,3,7158,870
1140,REM_Component_C, ,2006-08-13,4,8627,1053
1140,REM_Component_A,System2,2006-08-14,3,10363,1257
1140,REM_Component_D, ,2007-03-28,3,7943,954
1140,REM_Component_E, ,2007-04-04,3,40509,5069
1140,REM_Component_F,System2,2007-04-04,3,17864,2185
1140,REM_Component_B,System3,2007-04-13,3,3815,454
1140,REM_Component_B,System2,2007-04-19,3,2384,288
1140,REM_Component_D, ,2007-05-21,3,12783,1554
1140,REM_Component_B,System3,2007-06-17,3,814,104
1140,REM_Component_G,System2,2007-08-13,3,3770,459
1140,REM_Component_D, ,2007-08-19,3,124074,16674
1140,REM_Component_D, ,2007-08-24,3,24864,3083
1140,REM_Component_H, ,2007-09-17,3,10701,1286
1140,REM_Component_H, ,2007-10-31,3,11297,1358
1140,REM_Component_I, ,2007-10-31,3,15319,1856
1140,REM_Component_B,System3,2007-11-10,3,1936,228
1140,REM_Component_E, ,2007-12-12,3,44276,5532
1140,REM_Component_B,System4,2008-06-18,2,172,21
2209,REM_Component_B,System1,2006-03-23,3,544,67
2209,REM_Component_B,System1,2006-04-03,3,140,18
2209,REM_Component_A,System1,2006-04-05,3,116607,15919
2209,REM_Component_A,System1,2006-04-05,3,1516,190
2209,REM_Component_D, ,2006-05-08,3,11691,1429
2209,REM_Component_D, ,2006-05-16,3,887,112
2209,REM_Component_B,System1,2006-05-31,3,631,82
2209,REM_Component_J, ,2006-07-03,3,1522,190
2209,REM_Component_D, ,2006-09-18,3,1663,199
2209,REM_Component_B,System2,2006-09-18,3,8120,993
2209,REM_Component_D, ,2006-09-25,3,105,12
2209,REM_Component_B,System3,2006-11-20,3,15179,1850
2209,REM_Component_H, ,2006-11-25,3,11337,1376
2209,REM_Component_H, ,2006-11-30,3,86,10
2209,REM_Component_A,System4,2007-03-29,3,27409,3431
2209,REM_Component_G,System4,2007-03-29,3,17009,2077
2209,REM_Component_B,System4,2007-06-18,3,932,101
2209,REM_Component_A,System4,2007-07-13,3,3387,362
2209,REM_Component_B,System4,2007-09-07,3,952,110
2209,REM_Component_B,System4,2007-11-27,3,1125,130
2209,REM_Component_A,System1,2007-12-28,3,2242,258
2209,REM_Component_B,System4,2007-12-28,3,92,10
2209,REM_Component_B,System4,2008-01-13,3,104,14
2209,REM_Component_B,System4,2008-04-06,3,1083,134
2209,REM_Component_D, ,2008-04-27,3,125640,17011
2209,REM_Component_D, ,2008-04-27,3,8687,1048
2209,REM_Component_D, ,2008-06-07,3,15366,1870
2209,REM_Component_H, ,2008-09-18,3,17916,2171
2209,REM_Component_A,System3,2008-09-20,3,4849,523
2209,REM_Component_D, ,2008-12-22,3,10085,1198
2209,REM_Component_I, ,2009-01-31,3,129373,17439
2209,REM_Component_I, ,2009-02-13,3,50445,6275
2209,REM_Component_I, ,2009-02-13,3,188,25
2209,REM_Component_G,System2,2009-02-27,3,129766,17489
2209,REM_Component_G,System2,2009-02-27,3,19330,2326
2209,REM_Component_A,System1,2009-03-13,3,129866,17501
2209,REM_Component_D, ,2009-04-16,3,23173,2796
2209,REM_Component_J, ,2009-04-16,3,31035,3789
1419,REM_Component_B,System1,2006-05-31,3,127715,15758
1419,REM_Component_B,System3,2006-05-31,3,2727,278
1419,REM_Component_A,System1,2006-06-02,3,127756,15762
1419,REM_Component_A, ,2006-06-02,3,53564,2159
1419,REM_Component_J, ,2006-08-21,3,128711,15866
1419,REM_Component_J, ,2006-08-21,3,23265,2473
1419,REM_Component_A,System2,2006-09-27,3,6985,1205
1419,REM_Component_A, ,2006-09-27,4,6982,1205
1419,REM_Component_G,System3,2006-09-27,3,4325,452
1419,REM_Component_B,System2,2006-09-27,3,129262,15926
1419,REM_Component_G,System3,2006-10-04,3,61,6
1419,REM_Component_K,System1,2006-10-04,3,17453,1832
1419,REM_Component_B,System2,2006-12-24,3,1004,106
1419,REM_Component_B,System2,2006-12-25,3,130266,16032
1419,REM_Component_D, ,2007-01-03,3,40820,4439
1419,REM_Component_B,System1,2007-01-03,3,2664,286
1419,REM_Component_J, ,2007-01-10,3,130478,16054
1419,REM_Component_J, ,2007-01-10,3,39213,4256
1419,REM_Component_D, ,2007-01-10,3,10915,1141
1419,REM_Component_A,System2,2007-07-26,3,2279,237
1419,REM_Component_F, ,2007-08-19,3,132890,16305
1419,REM_Component_G,System2,2007-09-23,4,10615,1538
1419,REM_Component_D, ,2007-09-30,3,27922,2962
1419,REM_Component_B,System4,2007-12-10,3,134466,16470
1419,REM_Component_A,System1,2008-01-04,3,7096,748
1419,REM_Component_B,System1,2008-01-04,3,4473,466
1419,REM_Component_B,System4,2008-03-05,3,1184,124
1419,REM_Component_F,System4,2008-03-27,3,23195,2430
1419,REM_Component_A,System4,2008-03-29,3,24090,2528
1419,REM_Component_B,System4,2008-04-01,3,394,44
1419,REM_Component_B,System1,2008-04-27,3,1578,168
1419,REM_Component_L, ,2008-06-21,3,76452,8431
1419,REM_Component_B,System4,2008-07-06,3,7387,790
1419,REM_Component_M,System1,2008-07-08,3,13882,1590
1419,REM_Component_D, ,2008-08-23,3,32996,3505
1419,REM_Component_B,System3,2008-08-31,3,7121,764
1419,REM_Component_B,System3,2008-09-11,3,138407,16890
1419,REM_Component_B,System3,2008-09-11,3,156,17
1419,REM_Component_B,System1,2008-10-02,3,2266,244
1419,REM_Component_B,System1,2008-10-27,3,139050,16960
1419,REM_Component_B,System1,2008-11-05,3,487,51
1419,REM_Component_B,System1,2008-11-11,3,230,24
1419,REM_Component_A,System1,2008-11-12,3,4428,474
1419,REM_Component_D, ,2008-12-05,3,139655,17026
1419,REM_Component_D, ,2008-12-05,3,1526,166
1419,REM_Component_B,System2,2008-12-09,3,3273,365
1419,REM_Component_A,System1,2009-01-29,3,17251,1954
1419,REM_Component_D, ,2009-03-22,3,10584,1122
1419,REM_Component_A,System3,2009-03-25,3,9321,994
2567,REM_Component_A,System2,2006-07-20,3,15261,1624
2567,REM_Component_D, ,2006-07-29,3,14897,1577
2567,REM_Component_A,System2,2006-09-21,3,16206,1726
2567,REM_Component_A,System2,2006-09-21,3,3536,377
2567,REM_Component_D, ,2006-11-10,3,9097,958
2567,REM_Component_F,System3,2007-04-07,3,15728,1661
2567,REM_Component_J, ,2007-04-08,3,43529,4801
2567,REM_Component_B,System2,2007-04-09,3,132575,16219
2567,REM_Component_D, ,2007-04-17,3,16578,1753
2567,REM_Component_B,System2,2007-04-21,3,17999,1907
2567,REM_Component_D, ,2007-06-06,3,4432,464
2567,REM_Component_B,System3,2007-07-16,3,6940,736
2567,REM_Component_B,System2,2007-07-23,3,1599,168
2567,REM_Component_G,System2,2007-07-30,3,19498,2063
2567,REM_Component_D, ,2007-08-19,3,16478,1740
2567,REM_Component_D, ,2007-09-23,3,4492,468
2567,REM_Component_J, ,2007-09-27,3,45518,5003
2567,REM_Component_B,System2,2007-11-25,3,1743,180
2567,REM_Component_B,System2,2007-12-06,3,160,18
2567,REM_Component_G,System2,2008-01-31,3,2544,268
2567,REM_Component_F,System3,2008-03-06,3,4732,498
2567,REM_Component_B,System3,2008-03-08,3,1524,168
2567,REM_Component_F,System3,2008-03-14,3,127,13
2567,REM_Component_G,System2,2008-04-20,3,28806,3051
2567,REM_Component_A, ,2008-11-17,3,137735,16761
2567,REM_Component_F,System2,2008-12-04,4,20888,2203
2567,REM_Component_F,System4,2008-12-04,4,20888,2203
2567,REM_Component_F,System3,2008-12-04,4,301,31
2567,REM_Component_F,System1,2008-12-04,4,20888,2203
2567,REM_Component_L, ,2008-12-04,4,128519,15403
2567,REM_Component_L, ,2008-12-04,4,30509,3264
2567,REM_Component_L, ,2008-12-04,4,23890,2525
2567,REM_Component_F,System2,2008-12-04,4,20888,2203
2567,REM_Component_F,System1,2008-12-04,4,20888,2203
2567,REM_Component_F,System3,2008-12-04,4,20888,2203
2567,REM_Component_F,System4,2008-12-04,4,19643,2074
2567,REM_Component_N, ,2008-12-04,4,111373,13011
2567,REM_Component_N, ,2008-12-04,4,29890,3196
2567,REM_Component_N, ,2008-12-04,4,39070,4241
2567,REM_Component_N, ,2008-12-04,4,38655,4193
2567,REM_Component_I, ,2008-12-04,4,79106,8794
2567,REM_Component_I, ,2008-12-04,4,30620,3278
2567,REM_Component_I, ,2008-12-04,4,30875,3308
2567,REM_Component_I, ,2008-12-04,4,13212,1394
2567,REM_Component_O, ,2008-12-05,4,49883,5470
2567,REM_Component_O, ,2008-12-05,4,49883,5470
2567,REM_Component_O, ,2008-12-05,4,20888,2203
2567,REM_Component_E, ,2008-12-05,4,38269,4145
2567,REM_Component_E, ,2008-12-05,4,55760,6135
2567,REM_Component_E, ,2008-12-05,4,61715,6806
2567,REM_Component_E, ,2008-12-05,4,33010,3549
2567,REM_Component_E, ,2008-12-05,4,11396,1201
2567,REM_Component_J, ,2008-12-05,4,42861,4672
2567,REM_Component_J, ,2008-12-05,4,28094,2999
2567,REM_Component_J, ,2008-12-05,4,2595,276
2567,REM_Component_J, ,2008-12-05,4,5160,542
2567,REM_Component_D, ,2008-12-05,4,4222,446
2567,REM_Component_D, ,2008-12-05,4,5030,528
2567,REM_Component_D, ,2008-12-05,4,2651,282
2567,REM_Component_D, ,2008-12-05,4,3186,336
2567,REM_Component_H, ,2008-12-05,4,21433,2263
2567,REM_Component_H, ,2008-12-05,4,21227,2241
2567,REM_Component_H, ,2008-12-05,4,20534,2166
2567,REM_Component_H, ,2008-12-05,4,24854,2631
2567,REM_Component_K,System1,2008-12-05,4,30638,3280
2567,REM_Component_P, ,2008-12-05,4,126681,15152
2567,REM_Component_M,System1,2008-12-08,4,21274,2628
2567,REM_Component_M,System2,2008-12-08,4,28818,3053
2567,REM_Component_M,System4,2008-12-08,4,22917,2813
2567,REM_Component_A,System1,2008-12-08,4,9410,1137
2567,REM_Component_A,System4,2008-12-08,4,22917,2813
2567,REM_Component_A,System2,2008-12-08,4,1605,168
2567,REM_Component_A,System3,2008-12-08,4,10737,1276
2567,REM_Component_A,System1,2008-12-08,4,21274,2628
2567,REM_Component_A,System2,2008-12-08,4,6213,648
2567,REM_Component_A,System3,2008-12-08,4,13678,1619
2567,REM_Component_G,System4,2008-12-08,4,22917,2813
2567,REM_Component_G,System1,2008-12-08,4,15150,1843
2567,REM_Component_G,System3,2008-12-08,4,13678,1619
2567,REM_Component_G,System2,2008-12-08,4,12,2
2567,REM_Component_B,System2,2008-12-08,4,9802,1027
2567,REM_Component_B,System4,2008-12-08,4,460,53
2567,REM_Component_B,System1,2008-12-08,4,9410,1137
2567,REM_Component_B,System3,2008-12-08,4,388,40
2567,REM_Component_C, ,2008-12-08,4,36570,3951
2567,REM_Component_F, ,2008-12-08,4,56202,6186
2361,REM_Component_J, ,2006-04-01,3,2410,248
2361,REM_Component_J, ,2006-04-02,3,24719,2610
2361,REM_Component_A,System4,2006-04-03,3,16353,1711
2361,REM_Component_D, ,2006-04-03,3,33405,3581
2361,REM_Component_B,System1,2006-09-08,3,1831,188
2361,REM_Component_A,System4,2006-11-12,3,2845,296
2361,REM_Component_B,System4,2006-11-12,3,22409,2353
2361,REM_Component_A,System3,2007-01-18,3,5411,564
2361,REM_Component_B,System2,2007-01-18,3,12436,1299
2361,REM_Component_I, ,2007-03-07,3,129914,15720
2361,REM_Component_B,System3,2007-03-29,3,8218,858
2361,REM_Component_N, ,2007-03-29,3,37456,4001
2361,REM_Component_I, ,2007-04-02,3,13744,1438
2361,REM_Component_H, ,2007-07-09,3,58056,6315
2361,REM_Component_A,System2,2007-08-15,3,21952,2855
2361,REM_Component_I, ,2007-09-23,3,2729,292
2361,REM_Component_E, ,2008-01-04,3,114353,13326
2361,REM_Component_A,System2,2008-04-29,3,135754,16346
2361,REM_Component_A,System3,2008-05-09,3,6225,660
2361,REM_Component_F,System1,2008-05-15,3,19561,2062
2361,REM_Component_A,System2,2008-05-17,3,3856,414
2361,REM_Component_A,System2,2008-06-22,3,9947,1064
2361,REM_Component_I, ,2008-06-23,3,57965,6280
2361,REM_Component_B,System2,2008-06-26,3,7165,772
2361,REM_Component_B,System1,2008-07-02,3,94,10
2361,REM_Component_A,System2,2008-07-09,3,217,22
2361,REM_Component_A,System2,2008-07-10,3,136630,16444
2361,REM_Component_B,System3,2008-07-30,3,2830,299
2361,REM_Component_H, ,2009-04-05,4,24720,2609
2361,REM_Component_H, ,2009-04-05,4,19563,2066
2361,REM_Component_H, ,2009-04-05,4,14853,1575
2361,REM_Component_H, ,2009-04-05,4,5405,587
2361,REM_Component_I, ,2009-04-05,4,39889,4237
2361,REM_Component_I, ,2009-04-05,4,4426,481
2361,REM_Component_I, ,2009-04-05,4,656,71
2361,REM_Component_Q, ,2009-04-05,4,53247,5752
2361,REM_Component_E, ,2009-04-05,4,53247,5752
2361,REM_Component_E, ,2009-04-05,4,12263,1307
2361,REM_Component_E, ,2009-04-05,4,2957,325
2361,REM_Component_K,System1,2009-04-05,4,47317,5089
2361,REM_Component_O, ,2009-04-05,4,47024,5055
2361,REM_Component_O, ,2009-04-05,4,47024,5055
2361,REM_Component_O, ,2009-04-05,4,40599,4316
2361,REM_Component_D, ,2009-04-05,4,11934,1273
2361,REM_Component_D, ,2009-04-05,4,13948,1479
2361,REM_Component_D, ,2009-04-05,4,20676,2186
2361,REM_Component_D, ,2009-04-05,4,11538,1231
2361,REM_Component_N, ,2009-04-05,4,97159,10938
2361,REM_Component_N, ,2009-04-05,4,82101,9014
2361,REM_Component_N, ,2009-04-05,4,68179,7434
2361,REM_Component_N, ,2009-04-05,4,6900,745
2361,REM_Component_J, ,2009-04-05,4,11538,1231
2361,REM_Component_J, ,2009-04-05,4,20676,2186
2361,REM_Component_J, ,2009-04-05,4,28327,2991
2361,REM_Component_J, ,2009-04-05,4,11538,1231
2361,REM_Component_J, ,2009-04-05,4,4972,539
2361,REM_Component_P, ,2009-04-05,4,20677,2187
2361,REM_Component_L, ,2009-04-05,4,55227,5971
2361,REM_Component_L, ,2009-04-05,4,107544,12306
2361,REM_Component_L, ,2009-04-05,4,36787,3901
2361,REM_Component_L, ,2009-04-05,4,20993,2221
2361,REM_Component_L, ,2009-04-05,4,28005,2955
2361,REM_Component_L, ,2009-04-05,4,26148,2753
2361,REM_Component_F,System3,2009-04-05,4,20677,2187
2361,REM_Component_F,System1,2009-04-05,4,1116,125
2361,REM_Component_F,System4,2009-04-05,4,20677,2187
2361,REM_Component_F,System2,2009-04-05,4,20677,2187
2361,REM_Component_F,System4,2009-04-05,4,20677,2187
2361,REM_Component_F,System3,2009-04-05,4,20677,2187
2361,REM_Component_F,System1,2009-04-05,4,20677,2187
2361,REM_Component_F,System2,2009-04-05,4,20677,2187
2361,REM_Component_M,System1,2009-04-06,4,36363,3876
2361,REM_Component_M,System2,2009-04-06,4,21199,2228
2361,REM_Component_M,System3,2009-04-06,4,26429,2779
2361,REM_Component_M,System4,2009-04-06,4,42856,4992
2361,REM_Component_G,System1,2009-04-06,4,36363,3876
2361,REM_Component_G,System2,2009-04-06,4,2191,232
2361,REM_Component_G,System3,2009-04-06,4,26429,2779
2361,REM_Component_G,System4,2009-04-06,4,781,89
2361,REM_Component_B,System1,2009-04-06,4,131465,15657
2361,REM_Component_B,System2,2009-04-06,4,27241,2875
2361,REM_Component_B,System1,2009-04-06,4,1763,189
2361,REM_Component_B,System4,2009-04-06,4,3658,440
2361,REM_Component_B,System3,2009-04-06,4,134,15
2361,REM_Component_A,System2,2009-04-06,4,2191,232
2361,REM_Component_A,System3,2009-04-06,4,2756,292
2361,REM_Component_A,System1,2009-04-06,4,36363,3876
2361,REM_Component_A,System4,2009-04-06,4,6371,761
2361,REM_Component_A,System1,2009-04-06,4,1798,193
2361,REM_Component_A,System4,2009-04-06,4,2586,313
2361,REM_Component_A,System4,2009-04-06,4,7581,913
2361,REM_Component_C, ,2009-04-09,4,30468,3219
2982,REM_Component_B,System3,2006-04-08,3,399,40
2982,REM_Component_B,System1,2006-05-03,3,5765,603
2982,REM_Component_D, ,2006-10-16,3,128220,15930
2982,REM_Component_D, ,2006-10-16,3,5009,530
2982,REM_Component_I, ,2006-11-18,3,54165,6007
2982,REM_Component_A,System2,2006-12-24,3,5705,605
2982,REM_Component_B,System1,2007-01-20,3,3454,368
2982,REM_Component_D, ,2007-03-10,3,11648,1232
2982,REM_Component_I, ,2007-03-25,3,55479,6149
2982,REM_Component_B,System3,2007-05-28,3,5443,574
2982,REM_Component_D, ,2007-07-15,3,131618,16284
2982,REM_Component_D, ,2007-07-22,3,16806,1761
2982,REM_Component_I, ,2007-07-29,3,8695,914
2982,REM_Component_J, ,2007-08-13,3,44048,4834
2982,REM_Component_D, ,2007-08-13,3,3817,398
2982,REM_Component_E, ,2007-10-26,3,133180,16453
2982,REM_Component_J, ,2007-10-26,3,10682,1129
2982,REM_Component_D, ,2007-10-26,3,133180,16453
2982,REM_Component_D, ,2007-10-26,3,3239,339
2982,REM_Component_A,System3,2007-11-19,3,22481,2367
2982,REM_Component_B,System2,2008-10-22,3,14687,1554
2982,REM_Component_G,System4,2008-12-31,3,14509,1755
2982,REM_Component_O, ,2009-05-10,4,72772,8056
2982,REM_Component_O, ,2009-05-10,4,69240,7649
2982,REM_Component_E, ,2009-05-10,4,81132,8996
2982,REM_Component_E, ,2009-05-10,4,55212,6051
2982,REM_Component_E, ,2009-05-10,4,45906,4988
2982,REM_Component_E, ,2009-05-10,4,18674,1984
2982,REM_Component_E, ,2009-05-10,4,7033,757
2982,REM_Component_J, ,2009-05-10,4,22517,2392
2982,REM_Component_J, ,2009-05-10,4,7033,757
2982,REM_Component_J, ,2009-05-10,4,25298,2676
2982,REM_Component_J, ,2009-05-10,4,8176,882
2982,REM_Component_D, ,2009-05-10,4,7033,757
2982,REM_Component_D, ,2009-05-10,4,21506,2282
2982,REM_Component_D, ,2009-05-10,4,8176,882
2982,REM_Component_D, ,2009-05-10,4,8595,926
2982,REM_Component_H, ,2009-05-10,4,16027,1704
2982,REM_Component_H, ,2009-05-10,4,21750,2310
2982,REM_Component_H, ,2009-05-10,4,20960,2222
2982,REM_Component_H, ,2009-05-10,4,16412,1745
2982,REM_Component_K,System1,2009-05-10,4,26284,2778
2982,REM_Component_P, ,2009-05-10,4,79799,8846
2982,REM_Component_F,System1,2009-05-10,4,20516,2175
2982,REM_Component_F,System4,2009-05-10,4,20516,2175
2982,REM_Component_F,System2,2009-05-10,4,20516,2175
2982,REM_Component_F,System3,2009-05-10,4,20516,2175
2982,REM_Component_L, ,2009-05-10,4,135479,16323
2982,REM_Component_L, ,2009-05-10,4,45610,4954
2982,REM_Component_L, ,2009-05-10,4,45906,4988
2982,REM_Component_L, ,2009-05-10,4,43494,4713
2982,REM_Component_L, ,2009-05-10,4,20515,2174
2982,REM_Component_F,System4,2009-05-10,4,20516,2175
2982,REM_Component_F,System2,2009-05-10,4,20516,2175
2982,REM_Component_F,System3,2009-05-10,4,20516,2175
2982,REM_Component_F,System1,2009-05-10,4,20516,2175
2982,REM_Component_N, ,2009-05-10,4,126802,14997
2982,REM_Component_N, ,2009-05-10,4,81079,8990
2982,REM_Component_N, ,2009-05-10,4,58301,6398
2982,REM_Component_N, ,2009-05-10,4,16412,1745
2982,REM_Component_I, ,2009-05-10,4,10122,1080
2982,REM_Component_I, ,2009-05-10,4,11497,1228
2982,REM_Component_I, ,2009-05-10,4,8384,904
2982,REM_Component_M,System2,2009-05-11,4,34088,3670
2982,REM_Component_M,System1,2009-05-11,4,34845,3812
2982,REM_Component_A,System2,2009-05-11,4,13529,1495
2982,REM_Component_A,System1,2009-05-11,4,6535,768
2982,REM_Component_A,System1,2009-05-11,4,100272,11497
2982,REM_Component_A,System2,2009-05-11,4,3652,428
2982,REM_Component_G,System2,2009-05-11,4,17030,1872
2982,REM_Component_G,System1,2009-05-11,4,599,67
2982,REM_Component_B,System2,2009-05-11,4,3652,428
2982,REM_Component_B,System1,2009-05-11,4,1719,193
2982,REM_Component_C, ,2009-05-11,4,45906,4988
131,REM_Component_B,System1,2006-03-19,3,6471,1052
131,REM_Component_A,System2,2006-04-09,3,4426,532
131,REM_Component_H, ,2006-05-03,3,115722,15498
131,REM_Component_H, ,2006-05-05,3,2511,306
131,REM_Component_E, ,2006-07-21,3,116798,15622
131,REM_Component_I, ,2006-08-16,3,42918,5384
131,REM_Component_I, ,2006-09-08,3,361,45
131,REM_Component_J, ,2006-10-03,3,0,0
131,REM_Component_J, ,2006-10-03,3,42323,5303
131,REM_Component_D, ,2006-10-10,3,14405,1733
131,REM_Component_K,System1,2006-12-10,2,37408,4633
131,REM_Component_N, ,2006-12-11,3,80876,10228
131,REM_Component_B,System1,2007-03-13,3,4720,560
131,REM_Component_D, ,2007-03-28,3,8161,978
131,REM_Component_J, ,2007-03-31,3,39026,4834
131,REM_Component_B,System1,2007-05-07,3,686,86
131,REM_Component_B,System3,2007-07-15,3,10655,1278
131,REM_Component_B,System2,2007-08-13,3,4359,503
131,REM_Component_B,System2,2007-08-14,3,20,2
131,REM_Component_A,System2,2007-09-15,3,122270,16271
131,REM_Component_A,System2,2007-09-20,3,59,6
131,REM_Component_K,System1,2007-09-24,3,3551,423
131,REM_Component_B,System2,2007-09-27,3,539,59
131,REM_Component_B,System2,2007-09-29,3,35,4
131,REM_Component_B,System2,2007-10-03,3,60,7
131,REM_Component_A,System3,2007-10-06,3,122507,16297
131,REM_Component_B,System3,2007-10-06,3,122507,16297
131,REM_Component_L, ,2007-10-06,3,29972,3688
131,REM_Component_B,System3,2007-10-20,3,1233,135
131,REM_Component_G,System2,2007-11-25,3,20011,2178
131,REM_Component_G,System2,2007-12-07,3,177,21
131,REM_Component_B,System3,2007-12-21,3,837,98
131,REM_Component_G,System1,2008-01-12,3,2399,271
131,REM_Component_B,System3,2008-04-07,3,2088,242
131,REM_Component_G,System1,2008-05-02,3,1421,178
131,REM_Component_H, ,2008-06-18,3,27744,3370
131,REM_Component_D, ,2008-08-13,3,126586,16787
131,REM_Component_D, ,2008-08-13,3,41671,5121
131,REM_Component_I, ,2008-09-08,3,126924,16826
131,REM_Component_I, ,2008-09-20,3,9579,1137
131,REM_Component_B,System2,2008-09-23,3,1235,143
131,REM_Component_J, ,2008-11-18,3,28563,3448
131,REM_Component_I, ,2008-11-18,3,127791,16924
131,REM_Component_I, ,2008-11-18,3,867,98
131,REM_Component_G,System2,2008-12-25,3,4917,583
131,REM_Component_A,System4,2009-01-06,3,128388,16992
131,REM_Component_E, ,2009-01-06,3,45223,5547
131,REM_Component_J, ,2009-01-06,3,45223,5547
131,REM_Component_D, ,2009-01-06,4,1802,205
131,REM_Component_A,System1,2009-01-29,3,128500,17004
131,REM_Component_E, ,2009-02-10,3,80530,10095
131,REM_Component_J, ,2009-03-01,3,8404,987
131,REM_Component_J, ,2009-03-05,3,30,4
131,REM_Component_D, ,2009-03-05,3,8464,995
131,REM_Component_A,System1,2009-03-30,3,11332,1327
326,REM_Component_B,System3,2006-04-03,3,1079,139
326,REM_Component_H, ,2006-04-22,3,3021,371
326,REM_Component_A,System3,2006-06-18,3,0,0
326,REM_Component_D, ,2006-08-28,3,123206,15834
326,REM_Component_D, ,2006-08-28,3,11621,1431
326,REM_Component_H, ,2006-08-30,3,123227,15836
326,REM_Component_H, ,2006-08-30,3,7722,946
326,REM_Component_I, ,2006-09-14,3,6419,786
326,REM_Component_I, ,2007-03-21,3,65568,7810
326,REM_Component_A,System4,2007-04-09,3,11906,1442
326,REM_Component_A,System1,2007-04-09,3,6601,779
326,REM_Component_B,System1,2007-04-10,3,6601,779
326,REM_Component_B,System1,2007-04-20,3,131,17
326,REM_Component_H, ,2007-06-21,3,9472,1151
326,REM_Component_D, ,2007-10-14,3,13095,1579
326,REM_Component_A,System3,2007-10-15,3,12576,1855
326,REM_Component_F,System1,2008-02-09,3,13161,1577
326,REM_Component_F,System4,2008-02-16,3,0,0
326,REM_Component_G,System3,2008-03-28,3,14658,2099
326,REM_Component_B,System3,2008-03-28,3,9466,1120
326,REM_Component_E, ,2008-04-19,3,80068,9533
326,REM_Component_B,System4,2008-05-28,3,7057,849
326,REM_Component_A,System3,2008-08-06,3,3701,436
326,REM_Component_A,System3,2008-08-08,3,43,5
326,REM_Component_N, ,2008-09-21,3,31272,3842
326,REM_Component_A,System4,2008-10-03,3,12591,1510
326,REM_Component_G,System3,2008-10-05,3,125,14
326,REM_Component_B,System4,2008-12-11,3,2595,296
326,REM_Component_D, ,2009-05-08,3,6747,789
326,REM_Component_D, ,2009-05-14,3,20468,2442
1990,REM_Component_B,System4,2006-04-22,3,792,82
1990,REM_Component_G,System1,2006-05-05,3,9621,1003
1990,REM_Component_J, ,2006-07-23,3,123858,15117
1990,REM_Component_J, ,2006-07-23,3,39028,4229
1990,REM_Component_D, ,2006-07-24,3,4086,426
1990,REM_Component_D, ,2006-08-28,3,4230,442
1990,REM_Component_H, ,2006-08-29,3,7076,739
1990,REM_Component_A,System2,2006-09-01,3,124385,15173
1990,REM_Component_A,System2,2006-09-01,3,4273,447
1990,REM_Component_D, ,2006-09-30,3,4264,450
1990,REM_Component_H, ,2006-10-14,3,710,80
1990,REM_Component_K,System1,2006-12-10,3,15844,1671
1990,REM_Component_D, ,2007-01-06,3,1718,185
1990,REM_Component_N, ,2007-01-07,3,74884,8234
1990,REM_Component_B, ,2007-02-09,3,126566,15406
1990,REM_Component_H, ,2007-02-12,3,126621,15412
1990,REM_Component_G,System3,2007-02-23,3,8204,865
1990,REM_Component_B,System3,2007-02-23,3,204,22
1990,REM_Component_H, ,2007-02-24,3,149,16
1990,REM_Component_N, ,2007-02-24,3,685,72
1990,REM_Component_H, ,2007-03-03,3,1793,188
1990,REM_Component_D, ,2007-03-08,3,854,90
1990,REM_Component_D, ,2007-03-13,3,11508,1215
1990,REM_Component_F,System2,2007-04-25,3,9604,1009
1990,REM_Component_A,System2,2007-04-26,3,32081,3419
1990,REM_Component_D, ,2007-04-26,3,676,70
1990,REM_Component_H, ,2007-04-26,3,17671,1861
1990,REM_Component_D, ,2007-05-04,3,116,12
1990,REM_Component_J, ,2007-05-06,3,28379,3023
1990,REM_Component_D, ,2007-05-06,3,127752,15530
1990,REM_Component_D, ,2007-05-11,3,100,11
1990,REM_Component_B,System3,2007-05-25,3,1236,128
1990,REM_Component_D, ,2007-05-29,3,4207,445
1990,REM_Component_B,System3,2007-09-02,3,10733,1128
1990,REM_Component_E, ,2007-10-28,3,45324,4897
1990,REM_Component_J, ,2007-10-29,3,6296,668
1990,REM_Component_D, ,2007-10-29,3,130154,15785
1990,REM_Component_D, ,2007-10-29,3,2098,224
1990,REM_Component_B,System4,2007-10-29,3,11232,1401
1990,REM_Component_B, ,2007-10-29,3,130163,15786
1990,REM_Component_D, ,2007-11-04,3,5396,570
1990,REM_Component_E, ,2007-11-13,3,130333,15805
1990,REM_Component_B,System2,2007-12-10,3,2328,254
1990,REM_Component_B,System3,2007-12-24,3,2992,319
1990,REM_Component_L, ,2008-08-31,3,79535,8709
1990,REM_Component_A,System2,2008-12-10,3,15476,1632
1990,REM_Component_G,System3,2009-01-29,3,9281,997
1990,REM_Component_B,System2,2009-03-04,3,16619,1756
1990,REM_Component_B,System2,2009-03-26,3,324,34
1990,REM_Component_G,System4,2009-04-24,2,18228,2160
2326,REM_Component_D, ,2006-05-21,4,8543,916
2326,REM_Component_B,System4,2006-06-28,3,2172,227
2326,REM_Component_A,System4,2006-07-01,3,2242,234
2326,REM_Component_A,System4,2006-07-06,3,122562,14680
2326,REM_Component_N, ,2006-07-09,3,1737,182
2326,REM_Component_A,System3,2006-07-26,3,10670,1180
2326,REM_Component_B,System3,2006-07-26,3,122867,14713
2326,REM_Component_B,System3,2006-07-26,3,6679,712
2326,REM_Component_H, ,2006-10-23,3,8947,955
2326,REM_Component_K,System1,2006-11-04,3,39038,4202
2326,REM_Component_B,System2,2007-01-21,3,3023,363
2326,REM_Component_D, ,2007-01-23,3,28102,2985
2326,REM_Component_B,System4,2007-03-13,3,7060,750
2326,REM_Component_D, ,2007-04-10,3,1068,110
2326,REM_Component_J, ,2007-04-15,3,29019,3077
2326,REM_Component_A,System1,2007-05-03,3,24982,2642
2326,REM_Component_B,System4,2007-06-27,3,1238,128
2326,REM_Component_A,System4,2007-08-12,3,16980,1788
2326,REM_Component_A,System4,2007-08-21,3,128229,15283
2326,REM_Component_D, ,2007-09-08,3,6562,699
2326,REM_Component_B,System1,2007-09-21,3,9798,1040
2326,REM_Component_A,System1,2007-10-05,3,14949,1594
2326,REM_Component_A,System4,2007-10-09,3,786,84
2326,REM_Component_K,System1,2007-10-10,3,4618,490
2326,REM_Component_A,System4,2007-10-15,3,57,6
2326,REM_Component_K,System1,2007-11-18,3,537,56
2326,REM_Component_N, ,2007-11-18,3,6854,727
2326,REM_Component_F,System2,2008-12-14,4,10502,1115
2326,REM_Component_F,System3,2008-12-14,4,10502,1115
2326,REM_Component_F,System1,2008-12-14,4,10502,1115
2326,REM_Component_F,System4,2008-12-14,4,10502,1115
2326,REM_Component_L, ,2008-12-14,4,86374,9547
2326,REM_Component_L, ,2008-12-14,4,8654,917
2326,REM_Component_L, ,2008-12-14,4,54270,5871
2326,REM_Component_L, ,2008-12-14,4,38648,4126
2326,REM_Component_L, ,2008-12-14,4,33521,3564
2326,REM_Component_F,System1,2008-12-14,4,38648,4126
2326,REM_Component_F,System3,2008-12-14,4,38648,4126
2326,REM_Component_F,System4,2008-12-14,4,20350,2165
2326,REM_Component_F,System2,2008-12-14,4,10502,1115
2326,REM_Component_N, ,2008-12-14,4,79376,8683
2326,REM_Component_N, ,2008-12-14,4,50046,5407
2326,REM_Component_N, ,2008-12-14,4,63,8
2326,REM_Component_N, ,2008-12-14,4,14580,1553
2326,REM_Component_I, ,2008-12-14,4,108503,12428
2326,REM_Component_I, ,2008-12-14,4,9833,1042
2326,REM_Component_I, ,2008-12-14,4,12054,1282
2326,REM_Component_O, ,2008-12-18,4,38648,4126
2326,REM_Component_O, ,2008-12-18,4,38648,4126
2326,REM_Component_O, ,2008-12-18,4,25628,2718
2326,REM_Component_O, ,2008-12-18,4,25628,2718
2326,REM_Component_M,System3,2008-12-18,4,31565,3360
2326,REM_Component_A,System1,2008-12-18,4,1755,186
2326,REM_Component_A,System3,2008-12-18,4,2729,291
2326,REM_Component_A,System2,2008-12-18,4,2686,286
2326,REM_Component_A,System2,2008-12-18,4,14566,1525
2326,REM_Component_A,System4,2008-12-18,4,731,78
2326,REM_Component_E, ,2008-12-18,4,80471,8817
2326,REM_Component_E, ,2008-12-18,4,77027,8418
2326,REM_Component_E, ,2008-12-18,4,60705,6588
2326,REM_Component_E, ,2008-12-18,4,56438,6104
2326,REM_Component_E, ,2008-12-18,4,34766,3701
2326,REM_Component_G,System2,2008-12-18,4,11,2
2326,REM_Component_G,System1,2008-12-18,4,31005,3281
2326,REM_Component_G,System4,2008-12-18,4,25378,2670
2326,REM_Component_G,System2,2008-12-18,4,9820,1030
2326,REM_Component_G,System3,2008-12-18,4,31565,3360
2326,REM_Component_G,System1,2008-12-18,4,106753,12830
2326,REM_Component_J, ,2008-12-18,4,11142,1184
2326,REM_Component_J, ,2008-12-18,4,9140,968
2326,REM_Component_J, ,2008-12-18,4,34713,3696
2326,REM_Component_J, ,2008-12-18,4,2920,314
2326,REM_Component_D, ,2008-12-18,4,1062,112
2326,REM_Component_D, ,2008-12-18,4,11122,1182
2326,REM_Component_D, ,2008-12-18,4,2998,322
2326,REM_Component_D, ,2008-12-18,4,9021,955
2326,REM_Component_B,System2,2008-12-18,4,1803,192
2326,REM_Component_B,System3,2008-12-18,4,12321,1298
2326,REM_Component_B,System4,2008-12-18,4,731,78
2326,REM_Component_B,System1,2008-12-18,4,576,62
2326,REM_Component_B,System1,2008-12-18,4,10679,1118
2326,REM_Component_H, ,2008-12-18,4,5379,570
2326,REM_Component_H, ,2008-12-18,4,38397,4098
2326,REM_Component_H, ,2008-12-18,4,30683,3257
2326,REM_Component_H, ,2008-12-18,4,33580,3570
2326,REM_Component_K,System1,2008-12-18,4,63,8
2326,REM_Component_M,System2,2008-12-19,4,32032,3386
2326,REM_Component_A,System1,2008-12-19,4,7914,830
2326,REM_Component_A,System3,2008-12-19,4,5959,634
2326,REM_Component_M,System4,2008-12-20,4,25378,2670
2326,REM_Component_M,System1,2008-12-20,4,35770,3787
791,REM_Component_G,System2,2006-04-04,3,847,104
791,REM_Component_B,System4,2006-04-05,3,2198,266
791,REM_Component_H, ,2006-05-22,3,6011,747
791,REM_Component_A,System1,2006-07-24,3,2274,279
791,REM_Component_G,System1,2006-10-01,3,6996,853
791,REM_Component_A,System1,2006-12-03,3,1969,231
791,REM_Component_B,System3,2006-12-04,3,22740,2690
791,REM_Component_B,System1,2006-12-04,3,17132,2088
791,REM_Component_D, ,2006-12-29,3,3939,472
791,REM_Component_A,System3,2007-03-25,3,114226,14956
791,REM_Component_B,System4,2007-08-20,3,6823,824
791,REM_Component_L, ,2007-10-16,3,35659,4459
791,REM_Component_O, ,2008-03-06,3,36509,4537
791,REM_Component_A,System2,2008-03-08,3,9643,1152
791,REM_Component_A,System2,2008-03-27,4,15332,1833
791,REM_Component_A,System2,2008-03-27,4,11665,1395
791,REM_Component_D, ,2008-04-15,3,9731,1162
791,REM_Component_B,System3,2008-04-19,3,118876,15501
791,REM_Component_A,System3,2008-07-15,3,9728,1084
791,REM_Component_D, ,2008-07-28,3,18579,2237
791,REM_Component_D, ,2008-08-13,3,17,2
791,REM_Component_A,System4,2008-09-08,3,1626,195
791,REM_Component_A,System1,2008-11-07,3,24034,2572
791,REM_Component_G,System1,2008-11-07,3,23831,2543
791,REM_Component_A,System1,2008-11-17,3,121382,15796
791,REM_Component_A,System4,2008-11-17,3,4807,563
791,REM_Component_G,System1,2008-11-17,3,137,16
791,REM_Component_B,System3,2009-01-05,3,8735,953
791,REM_Component_D, ,2009-01-06,3,9008,1067
791,REM_Component_B,System3,2009-01-06,3,122075,15874
791,REM_Component_A,System1,2009-01-26,4,122330,15904
791,REM_Component_K,System1,2009-02-15,3,44132,5487
791,REM_Component_A,System4,2009-04-10,3,1981,235
791,REM_Component_G,System4,2009-04-11,3,6805,800
791,REM_Component_I, ,2009-04-17,3,61381,7694
791,REM_Component_G,System4,2009-04-23,3,167,20
791,REM_Component_A,System1,2009-05-04,3,2452,291
736,REM_Component_J, ,2006-05-21,3,24342,2592
736,REM_Component_D, ,2006-05-21,3,18127,1901
736,REM_Component_D, ,2006-05-21,3,6849,709
736,REM_Component_B,System4,2006-06-18,3,437,44
736,REM_Component_G,System4,2006-06-29,3,8830,926
736,REM_Component_B,System4,2006-06-30,3,172,18
736,REM_Component_B,System4,2006-07-27,3,385,38
736,REM_Component_F,System4,2006-07-27,3,28266,3011
736,REM_Component_D, ,2006-09-07,3,1595,164
736,REM_Component_D, ,2006-09-08,3,121333,14391
736,REM_Component_H, ,2006-09-08,3,4159,434
736,REM_Component_B,System2,2006-10-05,3,1657,172
736,REM_Component_B,System4,2006-10-22,3,1294,138
736,REM_Component_B,System4,2006-11-07,3,122186,14483
736,REM_Component_B,System4,2006-11-07,3,210,23
736,REM_Component_B,System2,2006-11-16,3,122341,14501
736,REM_Component_B,System2,2006-11-16,3,603,66
736,REM_Component_A,System2,2006-11-22,3,122421,14509
736,REM_Component_N, ,2006-12-06,3,90967,10322
736,REM_Component_H, ,2007-08-26,2,0,0
736,REM_Component_O, ,2007-12-23,4,77052,8531
736,REM_Component_F,System2,2008-10-09,4,26136,2777
736,REM_Component_F,System3,2008-10-09,4,30798,3284
736,REM_Component_F,System1,2008-10-09,4,30798,3284
736,REM_Component_F,System4,2008-10-09,4,12390,1294
736,REM_Component_N, ,2008-10-09,4,83913,9382
736,REM_Component_N, ,2008-10-09,4,30798,3284
736,REM_Component_N, ,2008-10-09,4,6047,639
736,REM_Component_N, ,2008-10-09,4,567,63
736,REM_Component_E, ,2008-10-10,4,34474,3696
736,REM_Component_E, ,2008-10-10,4,12390,1294
736,REM_Component_H, ,2008-10-10,4,48289,5252
736,REM_Component_P, ,2008-10-10,4,106279,12319
736,REM_Component_F,System4,2008-10-10,4,2532,273
736,REM_Component_F,System1,2008-10-10,4,30798,3284
736,REM_Component_F,System2,2008-10-10,4,30798,3284
736,REM_Component_F,System3,2008-10-10,4,30798,3284
736,REM_Component_L, ,2008-10-10,4,42748,4636
736,REM_Component_L, ,2008-10-10,4,27673,2945
736,REM_Component_L, ,2008-10-10,4,24549,2597
736,REM_Component_M,System1,2008-10-11,4,34903,3746
736,REM_Component_A,System1,2008-10-11,4,14619,1524
736,REM_Component_A,System1,2008-10-11,4,7788,821
736,REM_Component_G,System1,2008-10-11,4,5178,549
736,REM_Component_B,System1,2008-10-11,4,14619,1524
736,REM_Component_C, ,2008-10-11,4,92128,10466
312,REM_Component_L, ,2006-04-24,3,59827,7628
312,REM_Component_D, ,2006-05-02,3,6662,825
312,REM_Component_L, ,2006-05-02,3,107,15
312,REM_Component_A,System4,2006-05-28,3,18386,2294
312,REM_Component_A,System4,2006-05-30,3,104297,13573
312,REM_Component_H, ,2006-06-27,3,46749,5940
312,REM_Component_B,System3,2006-07-30,3,6611,797
312,REM_Component_H, ,2006-08-15,3,105190,13679
312,REM_Component_H, ,2006-08-15,3,24599,3092
312,REM_Component_I, ,2006-12-01,3,39550,4965
312,REM_Component_J, ,2007-03-28,3,58939,7470
312,REM_Component_D, ,2007-03-28,4,4057,492
312,REM_Component_B,System1,2007-07-09,3,109472,14200
312,REM_Component_B,System1,2007-07-09,4,10486,1385
312,REM_Component_D, ,2007-07-14,3,17211,2109
312,REM_Component_D, ,2007-07-14,3,9200,1121
312,REM_Component_I, ,2007-09-17,3,3643,445
312,REM_Component_B,System1,2007-10-05,3,1200,137
312,REM_Component_B,System1,2007-10-05,3,110672,14337
312,REM_Component_I, ,2007-10-07,3,248,27
312,REM_Component_G,System2,2007-10-10,3,3733,457
312,REM_Component_B,System2,2007-11-11,3,3250,398
312,REM_Component_A,System2,2007-11-21,3,3357,411
312,REM_Component_H, ,2007-11-23,3,6813,812
312,REM_Component_G,System2,2007-11-29,3,675,78
312,REM_Component_K,System1,2007-11-29,4,33737,4207
312,REM_Component_A,System1,2008-03-31,3,3645,425
312,REM_Component_B,System1,2008-04-04,3,2467,291
312,REM_Component_J, ,2008-05-03,3,39355,4902
312,REM_Component_B,System3,2008-05-03,3,3344,395
312,REM_Component_F,System3,2008-06-24,1,28106,3458
312,REM_Component_F,System2,2008-06-24,1,28106,3458
312,REM_Component_F,System1,2008-06-24,1,28106,3458
312,REM_Component_F,System4,2008-06-24,1,28106,3458
312,REM_Component_F,System3,2008-07-04,1,28106,3458
312,REM_Component_F,System2,2008-07-04,1,28106,3458
312,REM_Component_F,System1,2008-07-05,1,28106,3458
312,REM_Component_J, ,2008-07-08,3,13454,1622
312,REM_Component_A,System1,2008-07-25,3,903,113
312,REM_Component_F,System4,2008-07-25,1,28109,3459
312,REM_Component_D, ,2008-07-26,3,4500,532
312,REM_Component_B, ,2008-07-26,3,881,110
312,REM_Component_I, ,2008-07-28,3,18555,2246
312,REM_Component_D, ,2008-08-07,3,17948,2178
312,REM_Component_B,System2,2008-09-29,3,3651,437
312,REM_Component_A,System2,2008-12-01,3,4401,522
312,REM_Component_B,System3,2008-12-01,3,2206,257
312,REM_Component_B,System3,2008-12-01,3,115707,14931
312,REM_Component_A,System2,2009-02-16,3,1014,122
312,REM_Component_A,System2,2009-03-03,3,116879,15073
312,REM_Component_A,System2,2009-03-03,3,166,21
312,REM_Component_K,System1,2009-03-03,3,3740,445
312,REM_Component_K,System1,2009-04-23,4,752,92
165,REM_Component_D, ,2006-04-16,3,2579,272
165,REM_Component_I, ,2006-09-14,3,117759,13823
165,REM_Component_I, ,2006-09-14,3,8520,897
165,REM_Component_B,System1,2006-10-17,3,118238,13875
165,REM_Component_B,System1,2006-10-17,3,4552,485
165,REM_Component_B,System3,2006-10-21,3,17365,1833
165,REM_Component_J, ,2006-10-23,3,118316,13883
165,REM_Component_J, ,2006-10-23,3,118327,13884
165,REM_Component_O, ,2008-09-25,3,118695,13861
1399,REM_Component_B,System3,2006-04-27,3,6156,646
1399,REM_Component_B,System3,2006-04-27,3,111211,13037
1399,REM_Component_F,System3,2006-04-27,3,10069,1065
1399,REM_Component_L, ,2006-04-27,3,10187,1077
1399,REM_Component_H, ,2006-08-29,3,54195,5951
1399,REM_Component_E, ,2006-09-10,3,113148,13235
1399,REM_Component_E, ,2006-09-10,3,57137,6289
1399,REM_Component_J, ,2006-09-21,3,18545,1957
1399,REM_Component_D, ,2006-09-25,3,113351,13259
1399,REM_Component_D, ,2006-09-30,4,13783,1450
1399,REM_Component_D, ,2006-10-06,3,177,18
1399,REM_Component_G,System2,2006-11-10,3,31955,3470
1399,REM_Component_J, ,2006-12-22,3,114671,13398
1399,REM_Component_J, ,2006-12-22,3,1374,146
1399,REM_Component_D, ,2007-01-14,3,8843,927
1399,REM_Component_D, ,2007-02-05,3,365,38
1399,REM_Component_G,System2,2007-02-10,3,1333,144
1399,REM_Component_J, ,2007-02-10,3,115421,13480
1399,REM_Component_J, ,2007-02-10,3,22179,2349
1399,REM_Component_G,System2,2007-03-09,3,115808,13520
1399,REM_Component_D, ,2007-04-02,3,0,0
1399,REM_Component_L, ,2007-04-11,3,15131,1596
1399,REM_Component_G,System2,2007-04-16,3,925,95
1399,REM_Component_G,System2,2007-07-19,3,2000,204
1399,REM_Component_F,System2,2007-07-25,3,28402,3015
1399,REM_Component_G,System2,2007-07-26,3,92,10
1399,REM_Component_A,System2,2007-08-16,3,22614,2379
1399,REM_Component_G,System2,2007-08-16,3,313,32
1399,REM_Component_I, ,2007-08-19,3,22077,2321
1399,REM_Component_A,System3,2007-11-18,3,119628,13914
1399,REM_Component_A,System3,2007-11-18,3,14573,1523
1399,REM_Component_H, ,2007-11-18,3,6636,695
1399,REM_Component_D, ,2007-11-25,3,11306,1179
1399,REM_Component_H, ,2007-12-24,3,19923,2093
1399,REM_Component_N, ,2008-08-03,2,101730,11565
1399,REM_Component_N, ,2008-08-03,2,87307,9703
1399,REM_Component_N, ,2008-08-03,2,73978,8150
1399,REM_Component_N, ,2008-08-03,2,10083,1053
1399,REM_Component_L, ,2009-04-19,4,4184,436
1399,REM_Component_O, ,2009-04-23,4,98760,11179
1399,REM_Component_E, ,2009-04-23,4,40011,4299
1399,REM_Component_E, ,2009-04-23,4,7309,769
1399,REM_Component_J, ,2009-04-23,4,5036,524
1399,REM_Component_J, ,2009-04-23,4,12060,1261
1399,REM_Component_J, ,2009-04-23,4,40539,4359
1399,REM_Component_J, ,2009-04-23,4,5786,606
1399,REM_Component_D, ,2009-04-23,4,6929,727
1399,REM_Component_D, ,2009-04-23,4,13637,1427
1399,REM_Component_D, ,2009-04-23,4,5112,534
1399,REM_Component_H, ,2009-04-23,4,313,35
1399,REM_Component_H, ,2009-04-23,4,49770,5403
1399,REM_Component_Q, ,2009-04-23,4,107882,12396
1399,REM_Component_F,System4,2009-04-23,4,30696,3255
1399,REM_Component_F,System2,2009-04-23,4,30959,3285
1399,REM_Component_F,System1,2009-04-23,4,30959,3285
1399,REM_Component_F,System3,2009-04-23,4,9246,967
1399,REM_Component_F,System1,2009-04-23,4,30959,3285
1399,REM_Component_F,System3,2009-04-23,4,21252,2234
1399,REM_Component_F,System2,2009-04-23,4,2557,270
1399,REM_Component_I, ,2009-04-24,4,29563,3133
1399,REM_Component_I, ,2009-04-24,4,2187,232
1399,REM_Component_I, ,2009-04-24,4,30959,3285
2640,REM_Component_A,System3,2006-03-28,3,2903,314
2640,REM_Component_A,System3,2006-03-28,3,23854,2593
2640,REM_Component_G,System3,2006-03-28,3,12781,1346
2640,REM_Component_J, ,2006-03-28,3,45949,5042
2640,REM_Component_D, ,2006-03-28,3,3618,391
2640,REM_Component_K,System1,2006-06-08,3,32792,3578
2640,REM_Component_A,System1,2006-08-10,3,111846,13079
2640,REM_Component_A, ,2006-08-10,3,17399,1828
2640,REM_Component_F,System2,2006-08-10,3,17399,1828
2640,REM_Component_N, ,2006-08-10,3,22965,2485
2640,REM_Component_N, ,2006-09-05,3,355,38
2640,REM_Component_B,System3,2006-10-15,3,24756,2683
2640,REM_Component_N, ,2006-12-13,3,11475,1216
2640,REM_Component_B,System4,2007-02-10,3,5704,610
2640,REM_Component_G,System4,2007-07-31,3,3359,418
2640,REM_Component_J, ,2007-08-05,3,7836,828
2640,REM_Component_H, ,2007-08-05,3,41431,4502
2640,REM_Component_J, ,2007-08-11,3,105,11
2640,REM_Component_A,System4,2007-09-11,3,117244,13645
2640,REM_Component_G,System4,2007-09-11,3,603,62
2640,REM_Component_G,System4,2007-09-19,3,120,14
2640,REM_Component_A,System4,2007-09-20,3,117364,13659
2640,REM_Component_H, ,2007-09-21,3,652,68
2640,REM_Component_A,System4,2007-09-27,3,228,25
2640,REM_Component_D, ,2007-10-11,3,14392,1518
2640,REM_Component_D, ,2007-11-15,3,8339,879
2640,REM_Component_I, ,2007-11-25,3,29443,3166
2640,REM_Component_B,System2,2007-12-31,3,20415,2147
2640,REM_Component_B,System3,2008-03-09,3,7049,741
2640,REM_Component_I, ,2008-05-19,3,58010,6323
2640,REM_Component_D, ,2008-07-21,3,12774,1357
2640,REM_Component_D, ,2008-09-19,3,4900,531
2640,REM_Component_G,System3,2008-10-22,3,13261,1413
2640,REM_Component_G,System3,2008-11-09,3,285,30
2640,REM_Component_B,System3,2008-11-14,3,3624,398
2640,REM_Component_D, ,2008-11-27,3,5455,592
2640,REM_Component_A,System3,2008-12-03,3,13879,1481
2640,REM_Component_B,System3,2008-12-03,3,269,30
2640,REM_Component_A,System3,2008-12-28,3,5048,533
2640,REM_Component_G,System3,2008-12-28,3,124120,14392
2640,REM_Component_L, ,2009-01-12,3,124354,14418
2640,REM_Component_D, ,2009-01-25,3,124375,14420
2640,REM_Component_E, ,2009-04-27,4,57119,6224
2640,REM_Component_E, ,2009-04-27,4,31097,3296
2640,REM_Component_F,System1,2009-04-27,4,29928,3170
2640,REM_Component_F,System3,2009-04-27,4,34362,3697
2640,REM_Component_F,System2,2009-04-27,4,33792,3637
2640,REM_Component_L, ,2009-04-27,4,103387,11670
2640,REM_Component_L, ,2009-04-27,4,21,3
2640,REM_Component_L, ,2009-04-27,4,87165,9614
2640,REM_Component_L, ,2009-04-27,4,37586,4059
2640,REM_Component_F,System1,2009-04-27,4,29928,3170
2640,REM_Component_F,System3,2009-04-27,4,29928,3170
2640,REM_Component_F,System4,2009-04-27,4,29928,3170
2640,REM_Component_F,System2,2009-04-27,4,12529,1342
2640,REM_Component_N, ,2009-04-27,4,12174,1304
2640,REM_Component_N, ,2009-04-27,4,92450,10265
2640,REM_Component_N, ,2009-04-27,4,37586,4059
2640,REM_Component_N, ,2009-04-27,4,10670,1142
2640,REM_Component_I, ,2009-04-27,4,5989,653
2640,REM_Component_I, ,2009-04-27,4,3581,396
2640,REM_Component_I, ,2009-04-27,4,60453,6592
2640,REM_Component_O, ,2009-05-01,4,44201,4784
2640,REM_Component_O, ,2009-05-01,4,60453,6592
2640,REM_Component_J, ,2009-05-01,4,14504,1550
2640,REM_Component_J, ,2009-05-01,4,53412,5824
2640,REM_Component_J, ,2009-05-01,4,31727,3364
2640,REM_Component_D, ,2009-05-01,4,2647,293
2640,REM_Component_D, ,2009-05-01,4,16082,1722
2640,REM_Component_D, ,2009-05-01,4,0,1
2640,REM_Component_D, ,2009-05-01,4,1779,195
2640,REM_Component_H, ,2009-05-01,4,16839,1804
2640,REM_Component_H, ,2009-05-01,4,38358,4143
2640,REM_Component_H, ,2009-05-01,4,26325,2790
2640,REM_Component_H, ,2009-05-01,4,7011,762
2640,REM_Component_K,System1,2009-05-01,4,13477,1442
2640,REM_Component_P, ,2009-05-01,4,121294,14003
2640,REM_Component_Q, ,2009-05-01,4,76246,8381
2640,REM_Component_F,System4,2009-05-01,4,29928,3170
2640,REM_Component_F, ,2009-05-01,4,29928,3170
2640,REM_Component_M,System1,2009-05-02,4,33480,3576
2640,REM_Component_M,System4,2009-05-02,4,22392,2378
2640,REM_Component_M,System2,2009-05-02,4,26447,2898
2640,REM_Component_M,System3,2009-05-02,4,38103,4115
2640,REM_Component_A,System3,2009-05-02,4,370,41
2640,REM_Component_A,System4,2009-05-02,4,2612,289
2640,REM_Component_A,System2,2009-05-02,4,26447,2898
2640,REM_Component_A,System1,2009-05-02,4,1922,211
2640,REM_Component_A,System1,2009-05-02,4,5386,577
2640,REM_Component_A,System4,2009-05-02,4,3488,387
2640,REM_Component_G,System1,2009-05-02,4,1880,207
2640,REM_Component_G,System4,2009-05-02,4,22392,2378
2640,REM_Component_G,System2,2009-05-02,4,20172,2150
2640,REM_Component_G,System3,2009-05-02,4,703,79
2640,REM_Component_B,System2,2009-05-02,4,5484,599
2640,REM_Component_B,System1,2009-05-02,4,4328,463
2640,REM_Component_B,System4,2009-05-02,4,2612,289
2640,REM_Component_B,System3,2009-05-02,4,370,41
2640,REM_Component_C, ,2009-05-03,4,45424,4922
2766,REM_Component_D, ,2006-03-19,3,3782,399
2766,REM_Component_B,System1,2006-03-23,3,95539,10871
2766,REM_Component_B,System1,2006-03-23,3,530,54
2766,REM_Component_A,System2,2006-04-19,3,21438,2265
2766,REM_Component_B,System1,2006-04-23,3,430,44
2766,REM_Component_B, ,2006-05-25,3,436,45
2766,REM_Component_A, ,2006-05-26,3,3739,390
2766,REM_Component_B, ,2006-05-26,3,0,0
2766,REM_Component_B,System1,2006-06-28,3,455,48
2766,REM_Component_B,System1,2006-07-21,3,97172,11041
2766,REM_Component_A,System1,2006-07-28,3,97280,11053
2766,REM_Component_A,System1,2006-07-28,3,11247,1180
2766,REM_Component_B,System1,2006-07-28,3,97280,11053
2766,REM_Component_B,System1,2006-07-28,3,409,44
2766,REM_Component_G,System3,2006-08-05,3,97406,11065
2766,REM_Component_G,System3,2006-08-05,3,7933,831
2766,REM_Component_B,System1,2006-09-28,3,936,100
2766,REM_Component_B,System3,2006-10-13,3,4376,456
2766,REM_Component_A,System3,2006-10-17,3,98526,11185
2766,REM_Component_A,System3,2006-10-17,3,16179,1702
2766,REM_Component_A,System3,2006-10-19,3,98561,11189
2766,REM_Component_B,System3,2006-10-19,3,98561,11189
2766,REM_Component_B,System3,2006-10-19,3,97,10
2766,REM_Component_K,System1,2006-10-25,3,15929,1677
2766,REM_Component_B,System3,2006-11-01,3,187,20
2766,REM_Component_H, ,2006-11-02,3,6770,715
2766,REM_Component_B,System1,2006-11-26,3,1967,208
2766,REM_Component_K,System1,2006-11-29,3,540,56
2766,REM_Component_D, ,2006-12-17,3,99427,11278
2766,REM_Component_G,System3,2006-12-21,3,2101,221
2766,REM_Component_B,System1,2006-12-21,3,1291,133
2766,REM_Component_H, ,2006-12-24,3,791,80
2766,REM_Component_A,System4,2006-12-31,3,19044,2001
2766,REM_Component_H, ,2007-01-28,3,499,50
2766,REM_Component_H, ,2007-01-30,3,9,1
2766,REM_Component_D, ,2007-03-05,3,1084,111
2766,REM_Component_D, ,2007-03-11,3,68,8
2766,REM_Component_J, ,2007-03-12,3,23867,2515
2766,REM_Component_H, ,2007-03-12,3,554,59
2766,REM_Component_D, ,2007-03-14,3,23846,2512
2766,REM_Component_B,System1,2007-04-09,3,1836,188
2766,REM_Component_K,System1,2007-05-23,3,2394,246
2766,REM_Component_J, ,2007-05-31,3,15272,1598
2766,REM_Component_N, ,2007-05-31,3,101685,11511
2766,REM_Component_K,System1,2007-06-11,3,299,32
2766,REM_Component_A,System2,2007-07-07,3,29250,3095
2766,REM_Component_D, ,2007-08-12,3,1836,194
2766,REM_Component_B,System4,2007-09-06,3,3427,366
2766,REM_Component_D, ,2007-09-17,3,102935,11645
2766,REM_Component_D, ,2007-09-23,3,8063,842
2766,REM_Component_A,System1,2007-09-29,3,6691,702
2766,REM_Component_B,System4,2007-10-07,3,103229,11675
2766,REM_Component_B,System4,2007-10-07,3,453,46
2766,REM_Component_B,System2,2007-10-10,3,103267,11679
2766,REM_Component_B,System1,2007-10-11,3,2302,243
2766,REM_Component_D, ,2007-10-22,3,103418,11695
2766,REM_Component_D, ,2007-10-22,3,1003,104
2766,REM_Component_B,System4,2007-11-17,3,498,52
2766,REM_Component_A,System2,2007-11-25,3,6633,704
2766,REM_Component_G,System2,2007-11-26,3,14115,1502
2766,REM_Component_B,System1,2007-12-24,3,3710,392
2766,REM_Component_D, ,2008-01-07,3,1016,110
2766,REM_Component_A,System3,2008-01-16,3,13382,1404
2766,REM_Component_B,System1,2008-01-31,3,565,62
2766,REM_Component_D, ,2008-03-16,3,983,107
2766,REM_Component_B,System3,2008-03-22,3,105511,11922
2766,REM_Component_B,System3,2008-03-22,3,9065,964
2766,REM_Component_D, ,2008-03-23,3,94,10
2766,REM_Component_I, ,2008-03-23,3,13133,1385
2766,REM_Component_B,System3,2008-04-04,3,95,10
2766,REM_Component_D, ,2008-06-05,3,3517,374
2766,REM_Component_J, ,2008-07-03,3,5158,548
2766,REM_Component_J, ,2008-07-03,3,28998,3055
2766,REM_Component_D, ,2008-07-03,3,391,40
2766,REM_Component_B,System3,2008-07-03,3,1237,127
2766,REM_Component_B,System4,2008-09-05,3,3984,424
2766,REM_Component_A,System4,2008-09-10,3,12042,1274
2766,REM_Component_D, ,2008-10-24,3,108444,12235
2766,REM_Component_D, ,2008-10-24,3,7822,834
2766,REM_Component_D, ,2008-11-15,3,3259,349
2766,REM_Component_J, ,2008-11-16,3,49740,5345
2766,REM_Component_E, ,2008-12-11,3,109091,12307
2766,REM_Component_G,System4,2008-12-26,3,12319,1314
2766,REM_Component_A,System4,2009-01-15,2,10285,1102
2766,REM_Component_N, ,2009-01-20,3,15608,1648
2766,REM_Component_J, ,2009-01-24,3,109752,12377
2766,REM_Component_J, ,2009-01-24,3,0,0
2766,REM_Component_H, ,2009-01-30,3,80315,8738
2766,REM_Component_B,System2,2009-03-14,3,7256,823
2766,REM_Component_I, ,2009-03-14,3,4896,527
2766,REM_Component_D, ,2009-03-15,3,3584,392
2766,REM_Component_H, ,2009-03-16,3,42136,4474
2766,REM_Component_B,System2,2009-03-18,3,59,6
2766,REM_Component_F,System3,2009-04-11,3,18443,1954
1151,REM_Component_F,System1,2006-04-13,1,29067,3102
1151,REM_Component_F,System2,2006-04-13,1,29067,3102
1151,REM_Component_F,System1,2006-04-13,1,29067,3102
1151,REM_Component_F,System2,2006-04-13,1,1897,197
1151,REM_Component_F,System4,2006-04-17,1,29067,3102
1151,REM_Component_F,System3,2006-04-17,1,26467,2818
1151,REM_Component_O, ,2006-04-21,1,29063,3101
1151,REM_Component_O, ,2006-04-22,1,61711,6735
1151,REM_Component_O, ,2006-04-22,3,93599,10608
1151,REM_Component_F,System4,2006-04-22,1,29067,3102
1151,REM_Component_O, ,2006-04-24,1,57394,6250
1151,REM_Component_A, ,2006-05-15,3,0,0
1151,REM_Component_D, ,2006-05-19,3,14469,1525
1151,REM_Component_I, ,2006-05-20,3,33544,3627
1151,REM_Component_J, ,2006-05-21,3,10483,1108
1151,REM_Component_D, ,2006-05-21,3,10549,1114
1151,REM_Component_A,System3,2006-06-02,3,93740,10624
1151,REM_Component_A,System3,2006-06-02,3,3705,388
1151,REM_Component_B,System3,2006-06-02,3,93740,10624
1151,REM_Component_B,System3,2006-06-02,3,4317,452
1151,REM_Component_I, ,2006-06-02,3,10461,1108
1151,REM_Component_B,System2,2006-07-19,3,9571,1015
1151,REM_Component_J, ,2006-09-23,3,22653,2406
1151,REM_Component_B,System2,2006-10-26,3,4193,445
1151,REM_Component_J, ,2006-11-20,3,899,98
1151,REM_Component_J, ,2006-11-23,3,96321,10902
1151,REM_Component_D, ,2006-11-23,3,96321,10902
1151,REM_Component_D, ,2006-11-23,3,2722,294
1151,REM_Component_B,System1,2006-11-23,3,18617,2337
1151,REM_Component_B,System3,2006-11-23,3,6067,636
1151,REM_Component_I, ,2006-11-23,3,0,0
1151,REM_Component_I, ,2006-12-14,3,2898,310
1151,REM_Component_D, ,2007-02-04,3,20714,2195
1151,REM_Component_A,System1,2007-02-09,2,220,22
1151,REM_Component_H, ,2007-04-04,3,14493,1537
1151,REM_Component_G,System1,2007-07-06,3,2219,232
1151,REM_Component_G,System4,2007-07-06,3,6940,734
1151,REM_Component_D, ,2007-10-30,3,7547,801
1151,REM_Component_B,System4,2007-12-27,3,101935,11495
1151,REM_Component_N, ,2008-02-21,3,19047,2021
1151,REM_Component_A,System2,2008-04-03,3,103155,11629
1151,REM_Component_J, ,2008-04-05,3,6834,727
1151,REM_Component_I, ,2008-04-24,3,60153,6521
1151,REM_Component_D, ,2008-04-27,3,7039,747
1151,REM_Component_G,System2,2008-05-03,3,16605,1742
1151,REM_Component_D, ,2008-09-13,3,8008,857
1151,REM_Component_J, ,2008-09-26,3,32385,3446
1151,REM_Component_J, ,2008-09-27,3,0,0
1151,REM_Component_A,System2,2008-11-24,3,106358,11974
1151,REM_Component_A,System2,2008-11-24,3,3203,345
1151,REM_Component_D, ,2008-11-24,3,5212,565
1151,REM_Component_B,System2,2008-11-24,3,13388,1415
1151,REM_Component_A,System4,2009-03-15,3,9528,1022
1151,REM_Component_B,System4,2009-03-15,3,3301,358
1710,REM_Component_B,System3,2006-03-29,3,16777,1763
1710,REM_Component_A,System4,2006-04-25,3,14721,1543
1710,REM_Component_J, ,2006-05-19,3,92288,10427
1710,REM_Component_A,System3,2006-07-07,3,10092,1061
1710,REM_Component_A,System2,2006-08-17,3,12039,1264
1710,REM_Component_D, ,2006-08-18,3,16900,1777
1710,REM_Component_B,System2,2006-08-18,3,5808,616
1710,REM_Component_A,System2,2006-09-16,3,93829,10591
1710,REM_Component_B,System2,2006-09-16,3,397,40
1710,REM_Component_A,System4,2006-10-11,3,94204,10629
1710,REM_Component_A,System4,2006-10-11,3,2253,238
1710,REM_Component_B,System2,2006-10-12,3,375,38
1710,REM_Component_L, ,2006-12-16,3,95151,10729
1710,REM_Component_B,System3,2006-12-17,3,95151,10729
1710,REM_Component_B,System3,2006-12-20,3,3632,383
1710,REM_Component_B,System1,2007-02-08,3,4913,514
1710,REM_Component_B,System3,2007-02-11,3,96013,10818
1710,REM_Component_B,System4,2007-04-15,3,19823,2079
1710,REM_Component_D, ,2007-05-05,3,8568,902
1710,REM_Component_B,System4,2007-05-19,3,97515,10977
1710,REM_Component_B,System4,2007-05-26,3,629,67
1710,REM_Component_I, ,2007-06-26,3,32184,3400
1710,REM_Component_G,System1,2007-08-14,3,20394,2152
1710,REM_Component_A,System2,2007-09-07,3,24253,2553
1710,REM_Component_B,System3,2007-10-18,3,4617,486
1710,REM_Component_H, ,2007-11-21,3,37479,3968
1710,REM_Component_J, ,2007-11-24,3,8042,846
1710,REM_Component_D, ,2007-11-24,3,23307,2448
1710,REM_Component_B,System4,2007-12-14,3,3121,330
1710,REM_Component_A,System3,2008-01-27,3,101218,11368
1710,REM_Component_E, ,2008-06-22,3,45920,4905
1710,REM_Component_B,System4,2008-09-02,3,5148,576
1710,REM_Component_B,System2,2008-09-27,3,9949,1052
1710,REM_Component_F,System1,2008-11-05,3,14909,1574
1710,REM_Component_G,System1,2009-03-20,3,106567,11946
1710,REM_Component_G,System1,2009-03-20,3,4084,444
1710,REM_Component_A,System1,2009-03-20,3,11029,1172
1710,REM_Component_A,System1,2009-03-20,3,0,0
1710,REM_Component_A,System2,2009-05-05,3,107168,12009
1710,REM_Component_G,System2,2009-05-07,3,107186,12011
1710,REM_Component_A,System2,2009-05-08,3,39,4
1950,REM_Component_G,System3,2006-04-07,3,6653,696
1950,REM_Component_B,System3,2006-04-21,3,8738,916
1950,REM_Component_B,System3,2006-04-21,3,82075,9155
1950,REM_Component_B,System4,2006-04-21,3,82075,9155
1950,REM_Component_H, ,2006-04-21,3,14439,1516
1950,REM_Component_F,System4,2006-04-21,3,38497,4175
1950,REM_Component_D, ,2006-05-26,3,82579,9207
1950,REM_Component_D, ,2006-05-26,3,2333,240
1950,REM_Component_N, ,2006-05-30,3,22120,2340
1950,REM_Component_B,System4,2006-06-04,3,82670,9217
1950,REM_Component_B,System3,2006-06-04,3,595,62
1950,REM_Component_G,System3,2006-06-12,3,923,96
1950,REM_Component_J, ,2006-06-13,3,22168,2344
1950,REM_Component_A,System2,2006-07-14,3,31981,3429
1950,REM_Component_B,System2,2006-07-15,3,18984,2000
1950,REM_Component_F,System3,2006-08-07,1,39742,4308
1950,REM_Component_F,System2,2006-08-07,1,39742,4308
1950,REM_Component_F,System1,2006-08-07,1,39742,4308
1950,REM_Component_F,System4,2006-08-07,1,1245,133
1950,REM_Component_F,System1,2006-08-07,1,39742,4308
1950,REM_Component_F,System2,2006-08-10,1,34091,3676
1950,REM_Component_F,System3,2006-08-16,1,39742,4308
1950,REM_Component_F,System4,2006-08-16,1,11393,1197
1950,REM_Component_A, ,2006-08-22,3,84,9
1950,REM_Component_H, ,2006-08-22,3,35803,3867
1950,REM_Component_B, ,2006-08-26,3,64,7
1950,REM_Component_I, ,2006-08-29,3,4,2
1950,REM_Component_I, ,2006-08-29,3,24261,2581
1950,REM_Component_G, ,2006-08-31,3,23256,2475
1950,REM_Component_H, ,2006-08-31,3,5,3
1950,REM_Component_I, ,2006-08-31,3,42196,4576
1950,REM_Component_H, ,2006-09-01,3,12,1
1950,REM_Component_I, ,2006-09-13,3,9003,947
1950,REM_Component_D, ,2006-10-18,3,6961,731
1950,REM_Component_H, ,2006-11-09,3,947,102
1950,REM_Component_I, ,2007-01-11,3,85236,9494
1950,REM_Component_I, ,2007-01-11,3,1730,184
1950,REM_Component_A,System1,2007-03-01,3,86037,9577
1950,REM_Component_B,System2,2007-03-05,3,86082,9581
1950,REM_Component_B,System2,2007-03-05,3,0,0
1950,REM_Component_B,System2,2007-03-09,3,44,4
1950,REM_Component_D, ,2007-03-12,3,6565,690
1950,REM_Component_B,System4,2007-03-12,3,22615,2392
1950,REM_Component_A,System2,2007-03-15,3,2857,303
1950,REM_Component_B,System2,2007-03-15,3,2857,303
1950,REM_Component_B,System4,2007-04-09,3,388,42
1950,REM_Component_B,System1,2007-04-12,3,20786,2188
1950,REM_Component_A,System2,2007-05-25,3,12233,1284
1950,REM_Component_B,System2,2007-06-17,3,1412,144
1950,REM_Component_K,System1,2007-06-23,3,8680,908
1950,REM_Component_A,System2,2007-09-01,3,88731,9853
1950,REM_Component_A,System2,2007-09-08,3,1629,168
1950,REM_Component_A,System2,2007-09-15,3,188,20
1950,REM_Component_B,System2,2007-09-15,3,1381,144
1950,REM_Component_A,System1,2007-09-23,3,3917,407
1950,REM_Component_B,System3,2007-09-24,3,18,2
1950,REM_Component_D, ,2007-10-21,3,21414,2246
1950,REM_Component_A,System1,2007-11-22,3,89915,9977
1950,REM_Component_K,System1,2008-01-20,3,3173,333
1950,REM_Component_B,System3,2008-01-21,3,1743,183
1950,REM_Component_B,System3,2008-02-15,3,341,38
1950,REM_Component_D, ,2008-03-06,1,8850,933
1950,REM_Component_B,System2,2008-03-19,3,2204,235
1950,REM_Component_A,System1,2008-04-05,3,91762,10177
1950,REM_Component_N, ,2008-04-17,3,70050,7642
1950,REM_Component_B,System2,2008-05-10,3,674,76
1950,REM_Component_B,System1,2008-05-31,3,101,11
1950,REM_Component_D, ,2008-08-30,3,4421,477
1950,REM_Component_J, ,2008-09-06,3,11064,1175
1950,REM_Component_B,System2,2008-10-01,3,1809,196
1950,REM_Component_J, ,2008-10-10,3,384,42
1950,REM_Component_D, ,2008-10-12,3,2827,308
1950,REM_Component_K,System1,2008-11-03,3,3755,408
1950,REM_Component_D, ,2008-11-18,3,515,54
1950,REM_Component_D, ,2008-11-20,3,20,2
1950,REM_Component_A,System2,2008-11-28,3,5455,587
1950,REM_Component_G,System2,2009-01-11,3,6155,661
1950,REM_Component_B,System4,2009-02-26,3,96258,10658
2436,REM_Component_B,System4,2006-04-22,3,1729,183
2436,REM_Component_B,System1,2006-07-28,3,10310,1090
2436,REM_Component_A,System1,2006-08-16,3,3822,401
2436,REM_Component_A,System1,2006-08-21,3,77561,8517
2436,REM_Component_A,System1,2006-08-21,3,74,8
2436,REM_Component_K,System1,2006-08-23,3,34659,3711
2436,REM_Component_B,System1,2006-09-04,3,77754,8537
2436,REM_Component_A,System4,2006-09-09,3,77835,8547
2436,REM_Component_A,System4,2006-09-09,3,14443,1514
2436,REM_Component_B,System1,2006-10-12,3,577,66
2436,REM_Component_D, ,2006-11-02,3,14739,1550
2436,REM_Component_D, ,2006-11-02,3,78644,8637
2436,REM_Component_A,System3,2007-02-09,3,8067,855
2436,REM_Component_A,System3,2007-02-10,3,80211,8805
2436,REM_Component_A,System3,2007-02-10,3,80211,8805
2436,REM_Component_B,System3,2007-02-10,3,21323,2253
2436,REM_Component_D, ,2007-02-17,3,7379,783
2436,REM_Component_A,System1,2007-04-22,3,3639,390
2436,REM_Component_J, ,2007-04-22,3,81200,8907
2436,REM_Component_J, ,2007-04-22,3,36227,3862
2436,REM_Component_D, ,2007-04-22,3,6767,720
2436,REM_Component_A,System1,2007-06-22,3,82112,9001
2436,REM_Component_G,System1,2007-07-04,3,8730,921
2436,REM_Component_H, ,2007-07-04,3,18884,1984
2436,REM_Component_G,System1,2007-07-12,3,131,14
2436,REM_Component_A,System1,2007-07-19,3,8477,896
2436,REM_Component_F,System3,2007-07-26,1,37395,3981
2436,REM_Component_F,System4,2007-07-28,1,37395,3981
2436,REM_Component_F,System2,2007-07-28,1,37395,3981
2436,REM_Component_F,System4,2007-07-28,1,37395,3981
2436,REM_Component_F,System3,2007-07-28,1,37395,3981
2436,REM_Component_F,System1,2007-07-28,1,37395,3981
2436,REM_Component_F,System2,2007-07-29,1,37395,3981
2436,REM_Component_F,System1,2007-09-08,3,37395,3981
2436,REM_Component_A, ,2007-10-04,3,82545,9046
2436,REM_Component_A,System1,2007-10-04,3,1345,139
2436,REM_Component_J, ,2007-10-07,3,1358,140
2436,REM_Component_A,System3,2007-10-08,3,2347,242
2436,REM_Component_D, ,2007-10-08,3,1358,140
2436,REM_Component_A,System1,2007-11-09,3,512,57
2436,REM_Component_B,System1,2007-11-12,3,4768,504
2436,REM_Component_B,System1,2007-11-17,3,71,8
2436,REM_Component_B,System1,2008-02-25,2,7100,760
2436,REM_Component_D, ,2008-04-30,3,6450,682
2436,REM_Component_A,System4,2008-05-04,3,9796,1177
2436,REM_Component_A,System1,2008-06-04,3,2519,264
2436,REM_Component_G,System1,2008-06-08,3,3211,340
2436,REM_Component_J, ,2008-07-03,3,42115,4493
2436,REM_Component_D, ,2008-07-03,3,898,92
2436,REM_Component_A,System2,2008-07-19,3,19035,2021
2436,REM_Component_H, ,2008-08-14,3,17993,1908
2436,REM_Component_D, ,2008-08-29,3,6417,676
2436,REM_Component_B,System1,2008-09-19,3,3419,369
2436,REM_Component_A,System4,2008-10-14,3,87374,9561
2436,REM_Component_B,System4,2008-10-14,3,3312,350
2436,REM_Component_D, ,2008-10-23,3,4951,528
2436,REM_Component_I, ,2009-03-20,3,26176,2768
2436,REM_Component_A,System2,2009-05-01,3,90201,9869
2436,REM_Component_A,System2,2009-05-01,3,45051,4804
2838,REM_Component_B,System3,2006-04-05,3,2528,315
2838,REM_Component_B,System3,2006-04-09,3,66,9
2838,REM_Component_J, ,2006-04-22,3,15792,1903
2838,REM_Component_H, ,2006-05-05,3,9493,1154
2838,REM_Component_D, ,2006-05-15,3,67946,7723
2838,REM_Component_D, ,2006-05-15,3,11223,1376
2838,REM_Component_J, ,2006-05-21,3,68017,7732
2838,REM_Component_D, ,2006-05-21,3,71,9
2838,REM_Component_B,System3,2006-05-28,3,641,77
2838,REM_Component_B,System3,2006-06-03,3,67,10
2838,REM_Component_B,System3,2006-06-12,3,68311,7771
2838,REM_Component_B,System3,2006-06-12,3,121,15
2838,REM_Component_H, ,2006-07-18,3,7309,909
2838,REM_Component_I, ,2006-07-18,3,34705,4007
2838,REM_Component_H, ,2006-09-05,3,69531,7918
2838,REM_Component_H, ,2006-09-05,3,1745,214
2838,REM_Component_B,System3,2006-10-08,3,1691,202
2838,REM_Component_D, ,2006-12-22,3,13703,1666
2838,REM_Component_A,System3,2006-12-25,3,71139,8101
2838,REM_Component_A,System3,2006-12-25,3,4081,488
2838,REM_Component_A,System2,2007-01-01,3,9750,1190
2838,REM_Component_A,System3,2007-02-15,3,71708,8168
2838,REM_Component_A,System3,2007-02-15,3,569,67
2838,REM_Component_B,System2,2007-03-18,3,14747,1792
2838,REM_Component_B,System2,2007-03-19,3,15,2
2838,REM_Component_A,System2,2007-03-21,3,25957,3062
2838,REM_Component_N, ,2007-03-30,3,72099,8219
2838,REM_Component_D, ,2007-04-11,3,17389,2109
2838,REM_Component_H, ,2007-04-16,3,2791,330
2838,REM_Component_A,System2,2007-04-25,3,0,0
2838,REM_Component_B,System2,2007-04-25,3,72445,8263
2838,REM_Component_B,System2,2007-04-25,3,470,60
2838,REM_Component_A,System2,2007-04-29,3,481,61
2838,REM_Component_B,System4,2007-06-12,3,4557,547
2838,REM_Component_B,System3,2007-06-25,3,2177,269
2838,REM_Component_H, ,2007-08-11,3,9201,1115
2838,REM_Component_B,System3,2007-08-25,3,752,86
2838,REM_Component_B,System3,2007-09-22,2,4472,529
2838,REM_Component_D, ,2007-10-22,3,3778,454
2838,REM_Component_B,System3,2007-11-06,3,997,117
2838,REM_Component_B,System3,2007-11-09,3,34,5
2838,REM_Component_B,System2,2007-11-13,3,2713,321
2838,REM_Component_A,System1,2007-12-23,3,16938,2044
2838,REM_Component_A,System2,2008-01-26,3,76230,8711
2838,REM_Component_D, ,2008-02-12,3,76415,8733
2838,REM_Component_D, ,2008-02-12,3,4155,494
2838,REM_Component_D, ,2008-02-12,3,14088,1705
2838,REM_Component_A,System3,2008-03-13,3,539,66
2838,REM_Component_D, ,2008-05-23,3,1337,168
2838,REM_Component_G,System2,2008-06-13,3,21957,2665
2838,REM_Component_B,System2,2008-07-09,2,42,4
2838,REM_Component_B,System4,2008-12-15,3,7482,875
2838,REM_Component_F,System3,2009-01-02,1,38825,4556
2838,REM_Component_F,System2,2009-01-30,1,38825,4556
2838,REM_Component_F,System4,2009-01-31,1,38825,4556
2838,REM_Component_F,System1,2009-02-01,1,38825,4556
2838,REM_Component_F,System3,2009-02-01,1,38825,4556
2838,REM_Component_F,System1,2009-02-01,1,38825,4556
2838,REM_Component_F,System4,2009-02-01,1,20182,2429
2838,REM_Component_F,System2,2009-02-01,1,8567,1010
